episode,steps,reward
0,420,6.0
1,1131,7.0
2,1941,10.0
3,2809,11.0
4,3730,17.0
5,4382,9.0
6,4891,9.0
7,5296,6.0
8,6272,14.0
9,7053,12.0
10,7825,9.0
11,8589,9.0
12,9284,9.0
13,9662,6.0
14,10694,16.0
15,11040,4.0
16,11832,13.0
17,12228,4.0
18,13313,17.0
19,14093,9.0
20,14697,8.0
21,15235,11.0
22,15630,5.0
23,16282,9.0
24,16783,6.0
25,17592,12.0
26,18214,6.0
27,18854,7.0
28,19684,18.0
29,20068,7.0
30,20487,5.0
31,21684,24.0
32,22357,7.0
33,23055,10.0
34,23439,5.0
35,23873,3.0
36,24266,4.0
37,25041,7.0
38,26212,20.0
39,27239,21.0
40,28003,10.0
41,28618,6.0
42,29434,13.0
43,30141,8.0
44,31139,11.0
45,31742,10.0
46,32474,11.0
47,33165,10.0
48,34095,9.0
49,35159,21.0
50,35924,9.0
51,36558,6.0
52,36977,3.0
53,37619,10.0
54,38261,9.0
55,38942,9.0
56,39464,9.0
57,40457,15.0
58,40969,7.0
59,41605,9.0
60,42374,11.0
61,43077,10.0
62,43483,7.0
63,44168,7.0
64,44758,6.0
65,45267,9.0
66,45752,6.0
67,46374,7.0
68,47641,23.0
69,48133,5.0
70,49593,22.0
71,50314,11.0
72,51406,21.0
73,51920,7.0
74,52734,16.0
75,53153,4.0
76,53678,5.0
77,54485,12.0
78,55325,12.0
79,55782,4.0
80,56567,11.0
81,57494,16.0
82,58266,15.0
83,59056,10.0
84,59772,10.0
85,60480,13.0
86,60996,1.0
87,61516,8.0
88,62397,17.0
89,63476,12.0
90,64067,3.0
91,64569,8.0
92,65146,6.0
93,66132,11.0
94,66946,11.0
95,67834,12.0
96,68768,12.0
97,69161,5.0
98,69856,14.0
99,70256,6.0
100,71307,11.0
101,71811,6.0
102,72657,17.0
103,73401,9.0
104,74123,9.0
105,74816,8.0
106,75924,14.0
107,76448,5.0
108,76848,5.0
109,78314,19.0
110,78950,8.0
111,79354,3.0
112,79940,8.0
113,80633,7.0
114,81441,16.0
115,82144,11.0
116,82898,10.0
117,84099,21.0
118,84849,13.0
119,85763,12.0
120,86199,7.0
121,86848,6.0
122,87885,14.0
123,89334,13.0
124,90013,7.0
125,90787,12.0
126,91444,8.0
127,92367,11.0
128,92909,3.0
129,93843,15.0
130,94424,9.0
131,94870,5.0
132,95622,9.0
133,96084,3.0
134,96703,7.0
135,97607,17.0
136,98008,7.0
137,99014,17.0
138,100281,25.0
139,101196,12.0
140,102376,16.0
141,103452,12.0
142,104694,15.0
143,105387,10.0
144,106465,16.0
145,106994,8.0
146,107486,7.0
147,108704,23.0
148,109413,13.0
149,110134,12.0
150,110761,8.0
151,111545,12.0
152,112269,11.0
153,112734,6.0
154,113348,6.0
155,113911,9.0
156,114458,5.0
157,114974,8.0
158,116153,13.0
159,117005,14.0
160,117745,11.0
161,118135,6.0
162,118718,6.0
163,119740,14.0
164,120812,22.0
165,122206,23.0
166,122827,7.0
167,123636,11.0
168,124316,8.0
169,124925,7.0
170,125406,4.0
171,126198,10.0
172,126748,8.0
173,127389,9.0
174,127771,6.0
175,128222,9.0
176,128864,9.0
177,129535,10.0
178,130206,11.0
179,130800,9.0
180,132029,15.0
181,132693,9.0
182,133494,11.0
183,134485,19.0
184,135156,10.0
185,135708,10.0
186,136428,12.0
187,137299,14.0
188,137825,7.0
189,138330,7.0
190,138951,5.0
191,139347,9.0
192,140044,7.0
193,140975,16.0
194,142306,24.0
195,143281,20.0
196,143984,11.0
197,144382,5.0
198,144903,6.0
199,145531,6.0
200,146028,7.0
201,146730,11.0
202,147250,7.0
203,147979,16.0
204,148714,9.0
205,149400,7.0
206,150104,11.0
207,150913,15.0
208,151421,8.0
209,151953,2.0
210,152709,11.0
211,153401,10.0
212,154123,7.0
213,154665,9.0
214,155178,6.0
215,155782,5.0
216,156582,12.0
217,157125,6.0
218,157968,14.0
219,158680,6.0
220,159062,4.0
221,159956,12.0
222,160518,7.0
223,161010,4.0
224,161683,9.0
225,162603,12.0
226,163239,9.0
227,163880,5.0
228,164398,9.0
229,165071,8.0
230,166385,21.0
231,167093,7.0
232,167989,18.0
233,168357,4.0
234,169281,12.0
235,169913,5.0
236,170623,13.0
237,171193,2.0
238,171881,11.0
239,172483,11.0
240,172969,4.0
241,173532,5.0
242,173995,3.0
243,174623,9.0
244,175416,15.0
245,176328,11.0
246,177143,13.0
247,177928,8.0
248,178483,9.0
249,179109,9.0
250,179724,11.0
251,180370,10.0
252,181146,8.0
253,181731,8.0
254,182357,9.0
255,183059,14.0
256,183616,6.0
257,184013,5.0
258,184616,9.0
259,185192,8.0
260,185711,5.0
261,186614,18.0
262,187094,10.0
263,187677,7.0
264,188052,3.0
265,188755,9.0
266,189462,12.0
267,190005,6.0
268,191091,20.0
269,191511,4.0
270,192119,11.0
271,192927,11.0
272,193449,8.0
273,193931,7.0
274,195045,15.0
275,195778,10.0
276,196427,11.0
277,197969,29.0
278,198656,9.0
279,199477,6.0
280,200823,22.0
281,201534,6.0
282,202152,10.0
283,202830,9.0
284,203861,19.0
285,204306,7.0
286,204849,11.0
287,205800,15.0
288,206510,9.0
289,206972,5.0
290,207593,11.0
291,208723,11.0
292,209132,9.0
293,209670,6.0
294,210332,8.0
295,210951,8.0
296,211673,11.0
297,212370,9.0
298,213173,13.0
299,213871,10.0
300,214457,6.0
301,214840,4.0
302,215667,14.0
303,216291,11.0
304,216731,5.0
305,217538,14.0
306,218261,10.0
307,218912,10.0
308,219849,15.0
309,220456,8.0
310,221417,20.0
311,222034,10.0
312,222598,8.0
313,223291,12.0
314,223939,7.0
315,224450,9.0
316,224996,9.0
317,225559,9.0
318,226205,7.0
319,227146,17.0
320,227942,14.0
321,228754,12.0
322,229276,6.0
323,230213,15.0
324,230953,12.0
325,231733,13.0
326,232103,8.0
327,232923,14.0
328,233419,8.0
329,234187,10.0
330,235008,14.0
331,235630,11.0
332,236481,6.0
333,237205,12.0
334,238139,16.0
335,238515,3.0
336,238904,5.0
337,239287,5.0
338,240040,10.0
339,240548,4.0
340,241340,15.0
341,241871,9.0
342,242803,20.0
343,243300,7.0
344,243849,10.0
345,244681,16.0
346,245316,6.0
347,245958,10.0
348,246315,5.0
349,246712,7.0
350,247423,12.0
351,248066,10.0
352,248465,9.0
353,249013,8.0
354,249668,10.0
355,250460,15.0
356,250960,4.0
357,251712,13.0
358,252346,10.0
359,253036,10.0
360,253735,10.0
361,254261,8.0
362,254885,8.0
363,255330,5.0
364,255826,7.0
365,256541,9.0
366,257072,4.0
367,257711,10.0
368,258352,7.0
369,258752,8.0
370,259284,8.0
371,259894,8.0
372,260575,7.0
373,261231,8.0
374,262168,12.0
375,262779,6.0
376,263263,6.0
377,263955,9.0
378,264569,10.0
379,264975,6.0
380,265486,7.0
381,266161,12.0
382,266782,10.0
383,267502,12.0
384,268186,11.0
385,269228,19.0
386,269976,15.0
387,270728,13.0
388,271237,5.0
389,272015,17.0
390,272528,9.0
391,272903,7.0
392,273798,21.0
393,274570,17.0
394,275211,7.0
395,275760,10.0
396,276386,7.0
397,276907,4.0
398,277502,10.0
399,278001,8.0
400,278457,7.0
401,279080,10.0
402,279617,6.0
403,280013,5.0
404,281044,18.0
405,281678,10.0
406,282129,5.0
407,282622,3.0
408,283428,11.0
409,283808,7.0
410,284306,9.0
411,284975,11.0
412,285633,10.0
413,286238,9.0
414,286889,11.0
415,287498,6.0
416,288039,8.0
417,288674,10.0
418,289067,7.0
419,289699,9.0
420,290405,11.0
421,290792,7.0
422,291486,8.0
423,292384,15.0
424,293067,9.0
425,293701,10.0
426,294195,5.0
427,294908,12.0
428,295453,9.0
429,295990,6.0
430,296374,5.0
431,297087,10.0
432,297766,11.0
433,298356,10.0
434,298944,11.0
435,299525,12.0
436,300322,14.0
437,301339,22.0
438,301834,3.0
439,302521,10.0
440,303121,7.0
441,304066,14.0
442,304759,14.0
443,305275,9.0
444,305869,11.0
445,306640,10.0
446,307043,4.0
447,308003,20.0
448,308826,11.0
449,309413,10.0
450,310047,11.0
451,310716,10.0
452,311597,15.0
453,312625,21.0
454,313375,13.0
455,313879,10.0
456,314512,8.0
457,315070,8.0
458,315651,8.0
459,316651,19.0
460,317364,12.0
461,317743,7.0
462,318295,6.0
463,318685,6.0
464,319242,11.0
465,319871,6.0
466,320621,15.0
467,321023,4.0
468,322201,19.0
469,322608,5.0
470,323307,10.0
471,323862,7.0
472,324756,11.0
473,325626,11.0
474,326027,4.0
475,326733,12.0
476,327333,9.0
477,327950,8.0
478,328490,8.0
479,329099,9.0
480,329480,8.0
481,330176,10.0
482,330862,9.0
483,331331,6.0
484,332054,11.0
485,332750,11.0
486,333272,6.0
487,333820,8.0
488,334352,9.0
489,334758,5.0
490,335239,8.0
491,335888,9.0
492,336529,12.0
493,337472,16.0
494,337992,8.0
495,338539,6.0
496,339120,8.0
497,339507,5.0
498,340361,13.0
499,340735,5.0
500,341571,19.0
501,342111,5.0
502,342803,11.0
503,343760,21.0
504,344409,12.0
505,345082,11.0
506,345711,8.0
507,346434,9.0
508,347623,29.0
509,348015,7.0
510,348723,11.0
511,349522,13.0
512,349892,5.0
513,350555,12.0
514,351187,11.0
515,352481,16.0
516,353510,18.0
517,353886,9.0
518,354532,11.0
519,355046,9.0
520,355681,11.0
521,356588,16.0
522,357124,6.0
523,357524,8.0
524,358583,23.0
525,359074,8.0
526,359725,11.0
527,360204,7.0
528,360882,12.0
529,361731,15.0
530,362119,6.0
531,362790,11.0
532,363389,9.0
533,363937,4.0
534,364531,10.0
535,365132,7.0
536,366183,24.0
537,366747,9.0
538,367182,3.0
539,368245,20.0
540,368922,12.0
541,369544,11.0
542,369955,6.0
543,371193,17.0
544,371781,9.0
545,372960,18.0
546,373347,6.0
547,373750,6.0
548,374437,12.0
549,375251,17.0
550,375734,7.0
551,376269,6.0
552,376647,7.0
553,377306,10.0
554,377949,12.0
555,378596,14.0
556,379095,6.0
557,379652,5.0
558,380434,17.0
559,381560,17.0
560,382432,18.0
561,383188,11.0
562,383566,5.0
563,384099,8.0
564,384751,8.0
565,385197,7.0
566,385816,10.0
567,386472,8.0
568,387273,12.0
569,387865,12.0
570,388540,15.0
571,389101,7.0
572,389663,7.0
573,390165,8.0
574,390810,9.0
575,391511,11.0
576,391942,6.0
577,392427,7.0
578,392873,7.0
579,393532,12.0
580,394226,14.0
581,394871,9.0
582,395735,19.0
583,396936,16.0
584,397338,5.0
585,397951,9.0
586,399053,21.0
587,399875,14.0
588,400514,10.0
589,401236,12.0
590,402416,27.0
591,403010,9.0
592,404040,25.0
593,405211,21.0
594,406237,21.0
595,407157,14.0
596,407708,10.0
597,408096,6.0
598,408566,9.0
599,409163,11.0
600,409915,18.0
601,410430,5.0
602,410797,7.0
603,411284,7.0
604,411653,6.0
605,412276,9.0
606,412990,13.0
607,413655,12.0
608,414223,11.0
609,414845,7.0
610,415430,9.0
611,416023,10.0
612,416806,12.0
613,417365,1.0
614,418444,17.0
615,419377,20.0
616,419759,6.0
617,420414,10.0
618,421104,11.0
619,421676,8.0
620,422190,7.0
621,422961,12.0
622,423878,20.0
623,424270,8.0
624,424879,11.0
625,425379,6.0
626,426096,12.0
627,427043,20.0
628,427707,9.0
629,428334,14.0
630,429148,14.0
631,429755,6.0
632,430126,7.0
633,430646,7.0
634,430998,4.0
635,431544,11.0
636,432245,12.0
637,432992,12.0
638,433576,9.0
639,434311,11.0
640,434707,8.0
641,435111,6.0
642,435674,6.0
643,436247,10.0
644,436867,9.0
645,437239,6.0
646,437723,11.0
647,438122,7.0
648,439210,22.0
649,439776,10.0
650,440439,11.0
651,440816,5.0
652,441292,4.0
653,441682,6.0
654,442379,12.0
655,443377,22.0
656,443754,8.0
657,444244,11.0
658,444620,7.0
659,445296,12.0
660,445838,11.0
661,446615,9.0
662,447134,9.0
663,448097,24.0
664,448618,7.0
665,449324,12.0
666,450558,23.0
667,451240,11.0
668,452016,11.0
669,452513,9.0
670,453342,14.0
671,453882,8.0
672,455139,19.0
673,455941,12.0
674,456671,11.0
675,457072,7.0
676,458287,24.0
677,458904,8.0
678,459449,6.0
679,460136,12.0
680,460655,10.0
681,461052,6.0
682,461669,10.0
683,462226,10.0
684,462610,8.0
685,463265,12.0
686,463653,6.0
687,464253,7.0
688,465055,12.0
689,465474,9.0
690,466513,18.0
691,467106,11.0
692,467837,14.0
693,468651,12.0
694,469175,8.0
695,469540,7.0
696,470395,15.0
697,470891,5.0
698,471656,14.0
699,472112,9.0
700,472684,9.0
701,474118,30.0
702,474643,10.0
703,475044,5.0
704,476967,37.0
705,477554,9.0
706,478218,12.0
707,479459,16.0
708,479971,10.0
709,480365,5.0
710,481437,19.0
711,482165,11.0
712,482688,10.0
713,483570,17.0
714,484434,14.0
715,484870,8.0
716,485278,4.0
717,486167,10.0
718,486727,8.0
719,487803,20.0
720,488633,13.0
721,489684,20.0
722,490395,11.0
723,491360,19.0
724,492013,12.0
725,492929,21.0
726,493486,8.0
727,494487,20.0
728,494962,9.0
729,495574,10.0
730,496232,12.0
731,496955,11.0
732,497509,8.0
733,498256,12.0
734,498657,6.0
735,499611,24.0
736,499989,8.0
737,500606,7.0
738,501096,7.0
739,501610,5.0
740,502559,18.0
741,502943,6.0
742,503491,5.0
743,504571,21.0
744,505517,16.0
745,506338,12.0
746,507069,11.0
747,507601,6.0
748,508098,9.0
749,508928,14.0
750,509776,15.0
751,510392,9.0
752,511078,13.0
753,511800,11.0
754,512297,12.0
755,512683,5.0
756,513488,12.0
757,513922,4.0
758,514743,13.0
759,515410,10.0
760,516456,19.0
761,517298,13.0
762,517709,8.0
763,518432,12.0
764,518825,5.0
765,519440,10.0
766,519971,9.0
767,520415,7.0
768,521211,13.0
769,521595,5.0
770,522249,11.0
771,523061,13.0
772,523893,16.0
773,524754,16.0
774,525123,8.0
775,526164,23.0
776,527279,17.0
777,528136,15.0
778,529143,15.0
779,529822,15.0
780,530419,17.0
781,531228,17.0
782,532128,20.0
783,532632,7.0
784,533235,9.0
785,534054,12.0
786,534677,10.0
787,535105,8.0
788,535930,13.0
789,536578,12.0
790,537226,9.0
791,537903,9.0
792,538392,8.0
793,538787,3.0
794,540085,17.0
795,541207,24.0
796,542301,14.0
797,542657,7.0
798,543037,5.0
799,544000,17.0
800,545292,28.0
801,545856,9.0
802,546809,20.0
803,547528,11.0
804,548167,11.0
805,549411,23.0
806,550305,15.0
807,550774,11.0
808,551550,12.0
809,552576,20.0
810,553303,12.0
811,554071,16.0
812,554791,13.0
813,555903,24.0
814,556824,18.0
815,557651,14.0
816,558031,6.0
817,558572,10.0
818,559177,7.0
819,559544,6.0
820,560204,11.0
821,560702,9.0
822,561200,7.0
823,561806,11.0
824,562543,11.0
825,563458,15.0
826,564030,8.0
827,565058,20.0
828,566032,16.0
829,566861,13.0
830,567671,12.0
831,568624,17.0
832,569873,17.0
833,570419,9.0
834,571159,15.0
835,571700,9.0
836,572146,6.0
837,573144,19.0
838,573765,10.0
839,574539,12.0
840,575210,12.0
841,576218,26.0
842,577305,20.0
843,578127,15.0
844,578807,14.0
845,579493,15.0
846,579987,5.0
847,581143,22.0
848,582400,12.0
849,583103,14.0
850,583658,9.0
851,584662,22.0
852,585407,11.0
853,586259,18.0
854,586996,13.0
855,587523,9.0
856,588761,23.0
857,589151,8.0
858,589961,14.0
859,591076,22.0
860,591715,10.0
861,592498,13.0
862,593534,23.0
863,594166,11.0
864,594862,15.0
865,595266,5.0
866,596199,17.0
867,597234,23.0
868,598117,14.0
869,598927,14.0
870,599602,11.0
871,600009,4.0
872,600641,5.0
873,601830,25.0
874,602723,15.0
875,603678,21.0
876,604162,7.0
877,604675,6.0
878,605452,12.0
879,605918,7.0
880,606597,12.0
881,607293,9.0
882,607916,10.0
883,608378,8.0
884,608873,7.0
885,609273,7.0
886,609981,11.0
887,610365,5.0
888,610842,7.0
889,611730,17.0
890,612360,11.0
891,613106,17.0
892,613568,8.0
893,614444,17.0
894,615050,11.0
895,616064,21.0
896,616955,15.0
897,617695,18.0
898,618341,8.0
899,619679,18.0
900,620627,15.0
901,621429,15.0
902,622102,12.0
903,622793,9.0
904,623411,11.0
905,624479,24.0
906,625313,20.0
907,626426,19.0
908,626812,5.0
909,627507,13.0
910,628306,18.0
911,629249,15.0
912,630210,13.0
913,630942,12.0
914,631573,10.0
915,632335,14.0
916,632820,10.0
917,633424,14.0
918,634168,13.0
919,634757,10.0
920,635425,10.0
921,636647,20.0
922,637298,12.0
923,638496,25.0
924,639143,8.0
925,640452,20.0
926,641523,18.0
927,642372,21.0
928,642984,11.0
929,643645,12.0
930,644778,12.0
931,645897,30.0
932,646752,18.0
933,647445,12.0
934,647985,9.0
935,648747,15.0
936,649241,6.0
937,649808,11.0
938,650705,22.0
939,651629,21.0
940,652037,4.0
941,652431,8.0
942,653150,12.0
943,653727,9.0
944,654363,12.0
945,655084,16.0
946,655908,13.0
947,656577,13.0
948,657472,16.0
949,658392,12.0
950,659064,12.0
951,660018,19.0
952,660621,12.0
953,661097,8.0
954,661593,10.0
955,662117,7.0
956,662976,17.0
957,664093,15.0
958,664691,4.0
959,665379,13.0
960,665844,3.0
961,666343,9.0
962,667298,18.0
963,667983,15.0
964,668522,9.0
965,669233,15.0
966,669928,15.0
967,670980,21.0
968,671685,12.0
969,672436,13.0
970,673217,20.0
971,673872,11.0
972,674442,11.0
973,675113,15.0
974,675819,12.0
975,676441,11.0
976,677231,16.0
977,677744,10.0
978,678220,5.0
979,678757,9.0
980,679322,11.0
981,679997,14.0
982,680562,11.0
983,681430,18.0
984,681810,7.0
985,682293,9.0
986,682915,7.0
987,683887,19.0
988,684925,23.0
989,685865,25.0
990,686532,13.0
991,687586,21.0
992,688295,12.0
993,688976,12.0
994,689521,12.0
995,690284,23.0
996,691162,18.0
997,691715,10.0
998,692362,15.0
999,692756,10.0
1000,693708,19.0
1001,694342,11.0
1002,694857,7.0
1003,695557,13.0
1004,696217,12.0
1005,696739,9.0
1006,697634,16.0
1007,698741,26.0
1008,699633,21.0
1009,700124,6.0
1010,700961,17.0
1011,701482,9.0
1012,702646,21.0
1013,703360,12.0
1014,704204,20.0
1015,704864,10.0
1016,705511,12.0
1017,706150,9.0
1018,706796,11.0
1019,707446,10.0
1020,708397,21.0
1021,708798,7.0
1022,709423,14.0
1023,709936,9.0
1024,710931,21.0
1025,711728,20.0
1026,712221,6.0
1027,712576,5.0
1028,713272,12.0
1029,713653,8.0
1030,714616,22.0
1031,715327,16.0
1032,716266,18.0
1033,717042,13.0
1034,717499,7.0
1035,718000,8.0
1036,718797,13.0
1037,719416,9.0
1038,720404,14.0
1039,720947,13.0
1040,721653,10.0
1041,722320,12.0
1042,722980,14.0
1043,723664,10.0
1044,724342,14.0
1045,724719,10.0
1046,725274,10.0
1047,725883,9.0
1048,726404,9.0
1049,726895,9.0
1050,727915,21.0
1051,728900,25.0
1052,729598,15.0
1053,730095,8.0
1054,731101,21.0
1055,731801,15.0
1056,732513,15.0
1057,733173,15.0
1058,734007,16.0
1059,734882,19.0
1060,735639,19.0
1061,736192,11.0
1062,737192,11.0
1063,737866,7.0
1064,738594,11.0
1065,739221,10.0
1066,740214,19.0
1067,740828,9.0
1068,741725,17.0
1069,742223,6.0
1070,742567,5.0
1071,743211,10.0
1072,744047,15.0
1073,744575,7.0
1074,744986,7.0
1075,745735,13.0
1076,747127,34.0
1077,747657,7.0
1078,748138,7.0
1079,748858,10.0
1080,749372,11.0
1081,750125,14.0
1082,750631,8.0
1083,751959,19.0
1084,752785,19.0
1085,753225,5.0
1086,753860,16.0
1087,754690,13.0
1088,755733,20.0
1089,756647,22.0
1090,757146,7.0
1091,757840,15.0
1092,758504,11.0
1093,759176,9.0
1094,760087,19.0
1095,761113,23.0
1096,761758,21.0
1097,762272,9.0
1098,763008,16.0
1099,763516,8.0
1100,764166,11.0
1101,764667,9.0
1102,765235,9.0
1103,765769,10.0
1104,766469,8.0
1105,767464,18.0
1106,768175,12.0
1107,768655,9.0
1108,769213,9.0
1109,770029,19.0
1110,770527,8.0
1111,771586,19.0
1112,772532,13.0
1113,773324,16.0
1114,774254,15.0
1115,775157,18.0
1116,775872,7.0
1117,776489,8.0
1118,777134,9.0
1119,777863,17.0
1120,778499,10.0
1121,779245,18.0
1122,779887,17.0
1123,780639,14.0
1124,781220,8.0
1125,781591,6.0
1126,782733,27.0
1127,783711,22.0
1128,784243,11.0
1129,785190,17.0
1130,785881,11.0
1131,786351,5.0
1132,787235,19.0
1133,787712,7.0
1134,788488,15.0
1135,789063,8.0
1136,789949,16.0
1137,790867,18.0
1138,791544,13.0
1139,792413,14.0
1140,793201,12.0
1141,793931,11.0
1142,795021,22.0
1143,795352,5.0
1144,796424,20.0
1145,797631,20.0
1146,798805,18.0
1147,799651,20.0
1148,800201,10.0
1149,800719,9.0
1150,801427,16.0
1151,802073,14.0
1152,803017,12.0
1153,804147,17.0
1154,805050,19.0
1155,805654,6.0
1156,806379,11.0
1157,807493,22.0
1158,807901,6.0
1159,808267,5.0
1160,808997,9.0
1161,809670,10.0
1162,810303,8.0
1163,810868,7.0
1164,811815,17.0
1165,812406,8.0
1166,812919,10.0
1167,813790,19.0
1168,814325,7.0
1169,814864,6.0
1170,815860,23.0
1171,816321,7.0
1172,816855,5.0
1173,817703,19.0
1174,818370,12.0
1175,819612,24.0
1176,820298,15.0
1177,820930,11.0
1178,821970,18.0
1179,822986,22.0
1180,823989,24.0
1181,824858,19.0
1182,825718,15.0
1183,826403,10.0
1184,827390,20.0
1185,827888,3.0
1186,828402,10.0
1187,829079,11.0
1188,830027,25.0
1189,830593,7.0
1190,831499,14.0
1191,832514,25.0
1192,833519,20.0
1193,834728,25.0
1194,835413,10.0
1195,835972,10.0
1196,836452,9.0
1197,836952,6.0
1198,837885,13.0
1199,838676,10.0
1200,839471,14.0
1201,840358,13.0
1202,840712,5.0
1203,841148,6.0
1204,841782,9.0
1205,842423,11.0
1206,843465,17.0
1207,844126,12.0
1208,845177,18.0
1209,846165,16.0
1210,846808,11.0
1211,847640,15.0
1212,848307,12.0
1213,848744,6.0
1214,849380,9.0
1215,850001,9.0
1216,850976,16.0
1217,852139,21.0
1218,852623,4.0
1219,853331,16.0
1220,854094,12.0
1221,854710,11.0
1222,855637,15.0
1223,856198,9.0
1224,857100,16.0
1225,857904,16.0
1226,858327,6.0
1227,858813,7.0
1228,859571,11.0
1229,859955,6.0
1230,860694,10.0
1231,861831,15.0
1232,862496,11.0
1233,863632,16.0
1234,864595,21.0
1235,865422,12.0
1236,866222,12.0
1237,866971,5.0
1238,867649,14.0
1239,868622,21.0
1240,869501,12.0
1241,870150,13.0
1242,871097,26.0
1243,872169,16.0
1244,872820,5.0
1245,873880,18.0
1246,874505,14.0
1247,875294,11.0
1248,875813,8.0
1249,876411,12.0
1250,877418,23.0
1251,878444,18.0
1252,879422,21.0
1253,880037,10.0
1254,880999,22.0
1255,881986,24.0
1256,882550,10.0
1257,883505,20.0
1258,884252,14.0
1259,885319,16.0
1260,885871,9.0
1261,886608,15.0
1262,887736,17.0
1263,888697,19.0
1264,889788,25.0
1265,890971,15.0
1266,891757,12.0
1267,893052,20.0
1268,893832,10.0
1269,894484,9.0
1270,895145,11.0
1271,895837,8.0
1272,896828,18.0
1273,897763,16.0
1274,898786,20.0
1275,899696,23.0
1276,900084,5.0
1277,901021,25.0
1278,901960,19.0
1279,903125,22.0
1280,903832,12.0
1281,904456,5.0
1282,905409,16.0
1283,905918,9.0
1284,906712,13.0
1285,907373,12.0
1286,907889,10.0
1287,908825,17.0
1288,909350,10.0
1289,910287,19.0
1290,910776,13.0
1291,911785,21.0
1292,912650,15.0
1293,913334,10.0
1294,913952,12.0
1295,915137,18.0
1296,915792,15.0
1297,916429,13.0
1298,917229,15.0
1299,918094,17.0
1300,918667,13.0
1301,919318,15.0
1302,920017,11.0
1303,921036,20.0
1304,922036,16.0
1305,922421,7.0
1306,923157,18.0
1307,924176,18.0
1308,925156,14.0
1309,926128,16.0
1310,927035,21.0
1311,927677,15.0
1312,928578,16.0
1313,929584,18.0
1314,930622,20.0
1315,931596,21.0
1316,932477,12.0
1317,933177,14.0
1318,933872,10.0
1319,934958,20.0
1320,935928,17.0
1321,936887,24.0
1322,937719,14.0
1323,938380,10.0
1324,938855,11.0
1325,939658,13.0
1326,940503,19.0
1327,941340,20.0
1328,942149,15.0
1329,942639,8.0
1330,943271,7.0
1331,943872,10.0
1332,944360,10.0
1333,945027,11.0
1334,945981,23.0
1335,946897,19.0
1336,947723,18.0
1337,948336,11.0
1338,948728,7.0
1339,949746,27.0
1340,950682,20.0
1341,951079,5.0
1342,951571,8.0
1343,952275,11.0
1344,953248,20.0
1345,954135,19.0
1346,954819,12.0
1347,955715,25.0
1348,956657,20.0
1349,957325,11.0
1350,958013,16.0
1351,958387,2.0
1352,959287,18.0
1353,960440,25.0
1354,961694,25.0
1355,962330,9.0
1356,962995,11.0
1357,963685,14.0
1358,964623,20.0
1359,965411,12.0
1360,966203,12.0
1361,967170,24.0
1362,967852,12.0
1363,968675,13.0
1364,969191,7.0
1365,970232,19.0
1366,970754,8.0
1367,971700,14.0
1368,972483,16.0
1369,973149,11.0
1370,973721,9.0
1371,974583,21.0
1372,975635,18.0
1373,976724,16.0
1374,977115,3.0
1375,978188,14.0
1376,979145,18.0
1377,979562,4.0
1378,980675,30.0
1379,981295,10.0
1380,981944,15.0
1381,982861,15.0
1382,983933,18.0
1383,984932,16.0
1384,985687,16.0
1385,986523,18.0
1386,987078,9.0
1387,988159,21.0
1388,988563,6.0
1389,989264,15.0
1390,990166,21.0
1391,990813,14.0
1392,991596,13.0
1393,992520,15.0
1394,993549,18.0
1395,994057,8.0
1396,994936,13.0
1397,995515,7.0
1398,995904,6.0
1399,996900,24.0
1400,997395,7.0
1401,998242,16.0
1402,999279,19.0
1403,999965,15.0
1404,1000488,7.0
1405,1001047,7.0
1406,1002003,15.0
1407,1002910,17.0
1408,1003931,21.0
1409,1005008,21.0
1410,1005641,12.0
1411,1006619,15.0
1412,1007413,18.0
1413,1007942,9.0
1414,1008859,22.0
1415,1009580,10.0
1416,1010221,11.0
1417,1010916,11.0
1418,1011687,13.0
1419,1012152,8.0
1420,1012793,9.0
1421,1013756,14.0
1422,1014394,12.0
1423,1014842,7.0
1424,1016061,17.0
1425,1016820,11.0
1426,1017973,19.0
1427,1018669,13.0
1428,1019469,14.0
1429,1020636,19.0
1430,1021027,6.0
1431,1021717,13.0
1432,1022726,21.0
1433,1023427,17.0
1434,1024087,13.0
1435,1024615,11.0
1436,1025305,15.0
1437,1026632,30.0
1438,1027371,18.0
1439,1027965,9.0
1440,1028604,7.0
1441,1029627,14.0
1442,1030359,16.0
1443,1030991,13.0
1444,1031777,16.0
1445,1032343,12.0
1446,1032957,14.0
1447,1033636,12.0
1448,1034722,17.0
1449,1035482,16.0
1450,1036302,13.0
1451,1037333,19.0
1452,1038245,18.0
1453,1038613,8.0
1454,1039204,7.0
1455,1040257,18.0
1456,1040930,15.0
1457,1041755,20.0
1458,1042280,7.0
1459,1043232,16.0
1460,1044319,19.0
1461,1045218,26.0
1462,1046132,15.0
1463,1047169,19.0
1464,1048196,18.0
1465,1049001,14.0
1466,1049366,7.0
1467,1049828,8.0
1468,1050519,14.0
1469,1051268,17.0
1470,1052152,24.0
1471,1053434,24.0
1472,1053817,4.0
1473,1054697,15.0
1474,1055561,20.0
1475,1056247,16.0
1476,1056699,8.0
1477,1057508,15.0
1478,1058548,21.0
1479,1059085,11.0
1480,1059777,15.0
1481,1060911,20.0
1482,1061897,22.0
1483,1062573,14.0
1484,1063395,14.0
1485,1064429,19.0
1486,1065367,21.0
1487,1066463,25.0
1488,1067444,19.0
1489,1068451,21.0
1490,1069433,17.0
1491,1070497,23.0
1492,1071297,16.0
1493,1071942,8.0
1494,1072743,13.0
1495,1073664,21.0
1496,1074652,26.0
1497,1075527,20.0
1498,1076476,20.0
1499,1077424,17.0
1500,1078127,13.0
1501,1078787,13.0
1502,1079628,20.0
1503,1080522,22.0
1504,1081336,22.0
1505,1081681,6.0
1506,1082575,18.0
1507,1083122,9.0
1508,1083997,27.0
1509,1084926,19.0
1510,1085865,19.0
1511,1086628,15.0
1512,1087402,8.0
1513,1087845,5.0
1514,1088502,11.0
1515,1089166,13.0
1516,1089825,14.0
1517,1090441,8.0
1518,1091112,11.0
1519,1091717,9.0
1520,1092443,13.0
1521,1093461,22.0
1522,1094235,17.0
1523,1095212,25.0
1524,1095839,18.0
1525,1096619,19.0
1526,1097119,7.0
1527,1098107,21.0
1528,1098735,14.0
1529,1099257,10.0
1530,1100004,16.0
1531,1100616,13.0
1532,1101944,19.0
1533,1102858,14.0
1534,1103538,11.0
1535,1104584,19.0
1536,1105094,12.0
1537,1105975,19.0
1538,1106517,11.0
1539,1107236,8.0
1540,1108272,19.0
1541,1109187,17.0
1542,1109875,14.0
1543,1110843,28.0
1544,1111889,18.0
1545,1112765,25.0
1546,1113620,17.0
1547,1114432,14.0
1548,1115004,10.0
1549,1115846,18.0
1550,1116332,8.0
1551,1116984,15.0
1552,1117761,13.0
1553,1118585,19.0
1554,1119629,21.0
1555,1120579,20.0
1556,1121391,17.0
1557,1122214,16.0
1558,1123245,25.0
1559,1123973,12.0
1560,1124966,19.0
1561,1126032,22.0
1562,1126738,11.0
1563,1127530,12.0
1564,1128065,7.0
1565,1128941,14.0
1566,1129880,26.0
1567,1130793,17.0
1568,1131835,19.0
1569,1132551,9.0
1570,1132881,5.0
1571,1133533,12.0
1572,1134504,30.0
1573,1135283,15.0
1574,1135947,14.0
1575,1136642,18.0
1576,1137311,15.0
1577,1138176,8.0
1578,1138836,15.0
1579,1139581,15.0
1580,1140357,17.0
1581,1141086,19.0
1582,1141752,12.0
1583,1142758,17.0
1584,1143402,14.0
1585,1143777,6.0
1586,1144745,21.0
1587,1145258,8.0
1588,1146059,15.0
1589,1146939,18.0
1590,1147683,11.0
1591,1148493,18.0
1592,1149234,15.0
1593,1149865,12.0
1594,1150815,23.0
1595,1151809,21.0
1596,1152568,16.0
1597,1153606,16.0
1598,1154268,19.0
1599,1154926,11.0
1600,1155897,30.0
1601,1156682,18.0
1602,1157621,19.0
1603,1158331,16.0
1604,1159245,19.0
1605,1159753,8.0
1606,1160510,15.0
1607,1161410,23.0
1608,1162069,15.0
1609,1162738,16.0
1610,1163731,17.0
1611,1164525,14.0
1612,1165465,11.0
1613,1166171,19.0
1614,1167179,18.0
1615,1167713,9.0
1616,1168485,13.0
1617,1169975,26.0
1618,1170864,21.0
1619,1171798,22.0
1620,1172613,16.0
1621,1174001,16.0
1622,1174974,24.0
1623,1175732,14.0
1624,1176599,26.0
1625,1177190,8.0
1626,1178092,12.0
1627,1178498,7.0
1628,1179346,15.0
1629,1179929,11.0
1630,1180888,23.0
1631,1181604,8.0
1632,1182702,15.0
1633,1183557,13.0
1634,1184562,18.0
1635,1185311,15.0
1636,1185983,17.0
1637,1186718,16.0
1638,1187399,10.0
1639,1188332,18.0
1640,1188817,10.0
1641,1189558,19.0
1642,1190580,26.0
1643,1191248,10.0
1644,1192303,21.0
1645,1193106,15.0
1646,1194122,18.0
1647,1195295,21.0
1648,1195945,14.0
1649,1196749,17.0
1650,1197741,19.0
1651,1198699,21.0
1652,1199798,19.0
1653,1200514,7.0
1654,1201542,12.0
1655,1202244,15.0
1656,1202884,10.0
1657,1203762,20.0
1658,1204686,18.0
1659,1205772,20.0
1660,1206302,10.0
1661,1207172,16.0
1662,1207937,19.0
1663,1208804,21.0
1664,1209834,19.0
1665,1210912,25.0
1666,1211980,24.0
1667,1213005,21.0
1668,1214211,25.0
1669,1214723,11.0
1670,1215513,16.0
1671,1216281,12.0
1672,1217354,21.0
1673,1218483,23.0
1674,1218906,7.0
1675,1219424,12.0
1676,1220147,15.0
1677,1220822,15.0
1678,1221531,15.0
1679,1222463,21.0
1680,1223747,27.0
1681,1224736,20.0
1682,1225560,17.0
1683,1226728,21.0
1684,1227122,7.0
1685,1227929,10.0
1686,1228866,12.0
1687,1229757,21.0
1688,1230458,14.0
1689,1231246,18.0
1690,1232018,12.0
1691,1233192,29.0
1692,1234015,18.0
1693,1235205,26.0
1694,1236181,25.0
1695,1237427,23.0
1696,1238081,12.0
1697,1238892,15.0
1698,1239964,26.0
1699,1240758,13.0
1700,1241400,11.0
1701,1242369,19.0
1702,1243252,18.0
1703,1244171,23.0
1704,1244703,9.0
1705,1246030,18.0
1706,1246988,21.0
1707,1247990,21.0
1708,1248861,18.0
1709,1249808,17.0
1710,1250929,24.0
1711,1251725,9.0
1712,1252501,13.0
1713,1253258,14.0
1714,1254033,20.0
1715,1254635,12.0
1716,1255655,15.0
1717,1256700,19.0
1718,1257623,20.0
1719,1258662,16.0
1720,1259840,22.0
1721,1260494,12.0
1722,1261222,17.0
1723,1261909,15.0
1724,1262835,24.0
1725,1263567,14.0
1726,1264375,15.0
1727,1265036,13.0
1728,1265970,18.0
1729,1266927,23.0
1730,1267686,17.0
1731,1268942,34.0
1732,1269573,12.0
1733,1270249,14.0
1734,1271016,18.0
1735,1271919,20.0
1736,1272578,14.0
1737,1273292,15.0
1738,1273930,10.0
1739,1275110,29.0
1740,1275889,19.0
1741,1277165,17.0
1742,1278021,13.0
1743,1279070,21.0
1744,1280107,20.0
1745,1280752,17.0
1746,1281874,25.0
1747,1282828,18.0
1748,1283840,20.0
1749,1284284,3.0
1750,1285084,14.0
1751,1285810,17.0
1752,1286839,16.0
1753,1287383,6.0
1754,1287899,4.0
1755,1288579,16.0
1756,1289454,22.0
1757,1290520,23.0
1758,1291094,11.0
1759,1291963,20.0
1760,1293167,22.0
1761,1293826,14.0
1762,1294634,15.0
1763,1295593,21.0
1764,1296499,19.0
1765,1297379,20.0
1766,1298245,16.0
1767,1299168,22.0
1768,1299795,11.0
1769,1300895,23.0
1770,1301868,21.0
1771,1302571,14.0
1772,1303446,18.0
1773,1303925,6.0
1774,1304690,18.0
1775,1305387,11.0
1776,1305953,11.0
1777,1307374,30.0
1778,1308288,24.0
1779,1308856,9.0
1780,1309545,10.0
1781,1310377,16.0
1782,1311169,14.0
1783,1311562,4.0
1784,1312156,7.0
1785,1312837,14.0
1786,1313781,20.0
1787,1314419,11.0
1788,1315175,18.0
1789,1315995,20.0
1790,1316781,13.0
1791,1317794,26.0
1792,1318742,28.0
1793,1319326,14.0
1794,1320414,26.0
1795,1321444,24.0
1796,1322255,15.0
1797,1323309,19.0
1798,1324030,15.0
1799,1325048,18.0
1800,1326006,16.0
1801,1326908,21.0
1802,1327896,18.0
1803,1328894,17.0
1804,1329440,11.0
1805,1330726,27.0
1806,1331834,20.0
1807,1332331,8.0
1808,1333231,22.0
1809,1333830,9.0
1810,1334745,19.0
1811,1335841,21.0
1812,1336676,20.0
1813,1337240,9.0
1814,1338416,31.0
1815,1339319,24.0
1816,1340360,20.0
1817,1341428,23.0
1818,1342123,16.0
1819,1343299,23.0
1820,1344172,18.0
1821,1344919,17.0
1822,1346092,20.0
1823,1347081,23.0
1824,1348140,20.0
1825,1348736,10.0
1826,1349632,19.0
1827,1350311,18.0
1828,1351410,34.0
1829,1352140,18.0
1830,1352891,15.0
1831,1353850,22.0
1832,1355072,25.0
1833,1356241,27.0
1834,1357180,23.0
1835,1357937,16.0
1836,1358791,20.0
1837,1360342,27.0
1838,1361395,30.0
1839,1362197,20.0
1840,1363170,22.0
1841,1364318,22.0
1842,1365335,22.0
1843,1365932,9.0
1844,1366564,14.0
1845,1367871,22.0
1846,1368780,19.0
1847,1369455,11.0
1848,1370410,22.0
1849,1371033,11.0
1850,1371860,18.0
1851,1372362,12.0
1852,1373188,16.0
1853,1373716,13.0
1854,1374495,19.0
1855,1375452,20.0
1856,1376452,19.0
1857,1377549,25.0
1858,1378084,13.0
1859,1379197,27.0
1860,1379885,12.0
1861,1380564,12.0
1862,1381497,23.0
1863,1382151,15.0
1864,1382599,7.0
1865,1383545,18.0
1866,1384609,26.0
1867,1385599,23.0
1868,1386406,20.0
1869,1386931,9.0
1870,1387624,13.0
1871,1388273,11.0
1872,1389009,18.0
1873,1389649,13.0
1874,1390315,15.0
1875,1390927,9.0
1876,1391810,22.0
1877,1392385,9.0
1878,1393208,18.0
1879,1393564,4.0
1880,1394202,16.0
1881,1394933,15.0
1882,1395505,10.0
1883,1396065,13.0
1884,1396896,18.0
1885,1397641,19.0
1886,1398522,22.0
1887,1399577,18.0
1888,1400142,9.0
1889,1401070,22.0
1890,1401556,9.0
1891,1402228,12.0
1892,1403207,23.0
1893,1404083,22.0
1894,1405228,31.0
1895,1406001,16.0
1896,1406729,12.0
1897,1407081,6.0
1898,1407971,26.0
1899,1408766,19.0
1900,1409671,24.0
1901,1410381,10.0
1902,1411285,19.0
1903,1412184,22.0
1904,1412946,16.0
1905,1413920,24.0
1906,1414667,16.0
1907,1415913,33.0
1908,1416589,14.0
1909,1417386,19.0
1910,1418184,22.0
1911,1418984,24.0
1912,1419403,6.0
1913,1420088,13.0
1914,1420698,8.0
1915,1421330,13.0
1916,1422163,21.0
1917,1422808,15.0
1918,1423303,7.0
1919,1423856,12.0
1920,1424667,21.0
1921,1425524,23.0
1922,1426406,19.0
1923,1427299,24.0
1924,1428305,15.0
1925,1429189,22.0
1926,1429971,15.0
1927,1430770,16.0
1928,1431412,12.0
1929,1432333,25.0
1930,1433275,23.0
1931,1433917,14.0
1932,1434962,25.0
1933,1435857,27.0
1934,1436507,12.0
1935,1437417,21.0
1936,1438277,23.0
1937,1439041,19.0
1938,1440146,29.0
1939,1440780,11.0
1940,1441354,13.0
1941,1442250,15.0
1942,1443199,19.0
1943,1444154,22.0
1944,1444980,20.0
1945,1446263,25.0
1946,1447242,21.0
1947,1448298,21.0
1948,1449159,20.0
1949,1449960,10.0
1950,1450525,9.0
1951,1451234,17.0
1952,1452049,20.0
1953,1452732,14.0
1954,1453593,11.0
1955,1454752,23.0
1956,1455496,12.0
1957,1456171,13.0
1958,1456955,14.0
1959,1458075,24.0
1960,1458892,17.0
1961,1460005,26.0
1962,1461205,29.0
1963,1462094,21.0
1964,1462994,21.0
1965,1463846,21.0
1966,1464788,24.0
1967,1466070,30.0
1968,1466475,10.0
1969,1467391,20.0
1970,1468257,22.0
1971,1468929,15.0
1972,1469879,22.0
1973,1470483,7.0
1974,1471735,28.0
1975,1472608,21.0
1976,1473474,19.0
1977,1474549,22.0
1978,1475604,20.0
1979,1476118,12.0
1980,1476751,14.0
1981,1477801,26.0
1982,1478366,8.0
1983,1479180,26.0
1984,1479845,15.0
1985,1480624,23.0
1986,1481342,16.0
1987,1481966,10.0
1988,1482867,22.0
1989,1483621,14.0
1990,1484238,12.0
1991,1484914,15.0
1992,1485825,20.0
1993,1486204,4.0
1994,1487063,22.0
1995,1487901,15.0
1996,1488728,20.0
1997,1490059,24.0
1998,1491164,29.0
1999,1491698,8.0
2000,1492468,20.0
2001,1493214,15.0
2002,1493723,10.0
2003,1494630,16.0
2004,1495284,13.0
2005,1495733,5.0
2006,1496650,22.0
2007,1497052,5.0
2008,1498254,28.0
2009,1499391,24.0
2010,1499872,9.0
2011,1500602,16.0
2012,1501732,24.0
2013,1502745,28.0
2014,1503249,10.0
2015,1504209,25.0
2016,1504889,17.0
2017,1506112,27.0
2018,1506821,16.0
2019,1507733,17.0
2020,1508235,8.0
2021,1508869,14.0
2022,1509771,20.0
2023,1510369,13.0
2024,1511026,12.0
2025,1511948,24.0
2026,1512626,16.0
2027,1513473,20.0
2028,1514600,26.0
2029,1515096,8.0
2030,1515744,14.0
2031,1516412,14.0
2032,1517204,16.0
2033,1518008,24.0
2034,1519084,27.0
2035,1519705,12.0
2036,1520521,17.0
2037,1521404,24.0
2038,1522712,31.0
2039,1523621,23.0
2040,1524087,10.0
2041,1524874,15.0
2042,1525604,15.0
2043,1526324,17.0
2044,1527739,32.0
2045,1528393,9.0
2046,1529136,19.0
2047,1529774,15.0
2048,1530847,27.0
2049,1531357,7.0
2050,1532298,20.0
2051,1533035,19.0
2052,1533776,11.0
2053,1534880,29.0
2054,1535517,16.0
2055,1536325,18.0
2056,1537511,29.0
2057,1538439,22.0
2058,1539448,24.0
2059,1540881,29.0
2060,1541712,18.0
2061,1542580,18.0
2062,1543866,34.0
2063,1545032,26.0
2064,1545720,16.0
2065,1546839,21.0
2066,1548085,24.0
2067,1548717,12.0
2068,1549581,19.0
2069,1550232,15.0
2070,1551069,17.0
2071,1551981,21.0
2072,1552482,9.0
2073,1553365,16.0
2074,1554126,15.0
2075,1554919,20.0
2076,1555672,15.0
2077,1556073,7.0
2078,1556572,13.0
2079,1557315,15.0
2080,1558031,12.0
2081,1558862,22.0
2082,1559863,23.0
2083,1560772,26.0
2084,1561825,24.0
2085,1562881,24.0
2086,1563668,21.0
2087,1564514,23.0
2088,1565805,29.0
2089,1566442,10.0
2090,1567397,21.0
2091,1568325,27.0
2092,1569232,21.0
2093,1570221,24.0
2094,1570979,19.0
2095,1572006,14.0
2096,1572688,13.0
2097,1573682,25.0
2098,1574285,11.0
2099,1575074,19.0
2100,1576173,24.0
2101,1576690,11.0
2102,1577825,31.0
2103,1578676,23.0
2104,1579354,14.0
2105,1580308,25.0
2106,1581111,12.0
2107,1582038,15.0
2108,1582806,13.0
2109,1584013,34.0
2110,1584726,11.0
2111,1585947,16.0
2112,1586649,15.0
2113,1587776,26.0
2114,1588494,12.0
2115,1589480,28.0
2116,1590066,12.0
2117,1591024,24.0
2118,1591956,15.0
2119,1592975,27.0
2120,1593883,19.0
2121,1594941,26.0
2122,1595535,8.0
2123,1596182,13.0
2124,1596865,14.0
2125,1597521,13.0
2126,1598920,34.0
2127,1599544,7.0
2128,1600328,20.0
2129,1601141,18.0
2130,1602003,20.0
2131,1602608,17.0
2132,1603515,19.0
2133,1604632,26.0
2134,1605342,13.0
2135,1606257,21.0
2136,1607552,23.0
2137,1608420,22.0
2138,1608798,7.0
2139,1609478,12.0
2140,1610149,17.0
2141,1610842,16.0
2142,1611865,26.0
2143,1612926,22.0
2144,1613798,16.0
2145,1614925,23.0
2146,1615871,26.0
2147,1616856,18.0
2148,1617728,26.0
2149,1618867,28.0
2150,1619493,12.0
2151,1620536,20.0
2152,1621275,14.0
2153,1621950,14.0
2154,1623194,28.0
2155,1624018,16.0
2156,1624819,17.0
2157,1625200,7.0
2158,1626085,18.0
2159,1626848,15.0
2160,1627890,25.0
2161,1628863,24.0
2162,1629755,24.0
2163,1630703,21.0
2164,1631605,22.0
2165,1632754,31.0
2166,1633674,14.0
2167,1634363,14.0
2168,1635493,24.0
2169,1636327,18.0
2170,1637645,29.0
2171,1638240,8.0
2172,1639365,25.0
2173,1640268,28.0
2174,1641036,19.0
2175,1641542,11.0
2176,1642062,11.0
2177,1643002,22.0
2178,1643913,26.0
2179,1644650,14.0
2180,1645601,22.0
2181,1646329,14.0
2182,1647299,18.0
2183,1648139,17.0
2184,1648987,17.0
2185,1649883,21.0
2186,1650866,27.0
2187,1651930,20.0
2188,1652786,23.0
2189,1653440,12.0
2190,1653908,7.0
2191,1654808,25.0
2192,1655564,19.0
2193,1656417,13.0
2194,1657337,18.0
2195,1658164,24.0
2196,1659218,25.0
2197,1660008,20.0
2198,1660749,18.0
2199,1661807,25.0
2200,1662703,23.0
2201,1663773,26.0
2202,1664636,28.0
2203,1665181,12.0
2204,1666228,31.0
2205,1666732,9.0
2206,1667194,9.0
2207,1668282,20.0
2208,1669127,21.0
2209,1669768,16.0
2210,1670496,17.0
2211,1671452,19.0
2212,1672284,16.0
2213,1673265,28.0
2214,1674276,28.0
2215,1674827,12.0
2216,1675377,14.0
2217,1676058,10.0
2218,1676557,12.0
2219,1677713,30.0
2220,1678640,15.0
2221,1679652,22.0
2222,1680794,25.0
2223,1681717,18.0
2224,1682699,22.0
2225,1683583,20.0
2226,1684299,18.0
2227,1685298,22.0
2228,1686258,23.0
2229,1687174,14.0
2230,1687977,17.0
2231,1688609,11.0
2232,1689608,22.0
2233,1690230,15.0
2234,1691158,26.0
2235,1692114,23.0
2236,1692698,12.0
2237,1693465,19.0
2238,1694298,15.0
2239,1695241,29.0
2240,1696318,22.0
2241,1697317,21.0
2242,1698245,21.0
2243,1699225,23.0
2244,1700157,23.0
2245,1700766,14.0
2246,1701941,30.0
2247,1703022,29.0
2248,1703837,20.0
2249,1704818,22.0
2250,1705915,26.0
2251,1706857,29.0
2252,1707449,13.0
2253,1708420,19.0
2254,1709021,17.0
2255,1709852,22.0
2256,1710664,19.0
2257,1711619,22.0
2258,1712851,27.0
2259,1713946,29.0
2260,1714998,26.0
2261,1716358,25.0
2262,1717094,18.0
2263,1717873,20.0
2264,1718645,19.0
2265,1719722,31.0
2266,1720555,18.0
2267,1721941,32.0
2268,1723317,31.0
2269,1724495,25.0
2270,1725483,20.0
2271,1726133,11.0
2272,1726982,22.0
2273,1727934,25.0
2274,1728774,19.0
2275,1729736,27.0
2276,1730634,23.0
2277,1731417,26.0
2278,1732286,22.0
2279,1733211,25.0
2280,1733686,8.0
2281,1734760,25.0
2282,1735446,14.0
2283,1735931,11.0
2284,1737190,27.0
2285,1737960,18.0
2286,1738823,19.0
2287,1739922,21.0
2288,1740691,18.0
2289,1741305,9.0
2290,1741935,13.0
2291,1742709,14.0
2292,1743501,19.0
2293,1744162,14.0
2294,1745243,29.0
2295,1745963,19.0
2296,1747551,34.0
2297,1747880,4.0
2298,1748300,4.0
2299,1749011,13.0
2300,1749812,17.0
2301,1750467,13.0
2302,1751392,17.0
2303,1752193,20.0
2304,1752567,5.0
2305,1752895,3.0
2306,1753665,15.0
2307,1754569,18.0
2308,1755461,25.0
2309,1756464,22.0
2310,1757307,14.0
2311,1757979,15.0
2312,1758633,13.0
2313,1758967,5.0
2314,1760177,33.0
2315,1760838,15.0
2316,1761724,24.0
2317,1762641,25.0
2318,1763564,28.0
2319,1764360,19.0
2320,1764871,13.0
2321,1765828,20.0
2322,1767007,21.0
2323,1767997,23.0
2324,1768663,12.0
2325,1770262,31.0
2326,1771148,21.0
2327,1771812,16.0
2328,1772864,18.0
2329,1773923,30.0
2330,1774739,21.0
2331,1775502,18.0
2332,1776291,15.0
2333,1776841,9.0
2334,1778082,32.0
2335,1779158,26.0
2336,1780179,21.0
2337,1781224,27.0
2338,1782130,22.0
2339,1783082,19.0
2340,1784041,23.0
2341,1785004,18.0
2342,1785955,24.0
2343,1786451,7.0
2344,1787877,34.0
2345,1789115,23.0
2346,1789975,21.0
2347,1790826,16.0
2348,1791988,29.0
2349,1792986,15.0
2350,1794069,24.0
2351,1794625,8.0
2352,1795663,19.0
2353,1796606,22.0
2354,1797525,21.0
2355,1798478,20.0
2356,1799452,20.0
2357,1800368,26.0
2358,1801620,28.0
2359,1802516,22.0
2360,1802907,7.0
2361,1803529,15.0
2362,1804736,26.0
2363,1805817,32.0
2364,1806467,15.0
2365,1807139,20.0
2366,1807902,18.0
2367,1808714,24.0
2368,1809531,22.0
2369,1810435,27.0
2370,1811295,16.0
2371,1812399,26.0
2372,1813145,24.0
2373,1813963,20.0
2374,1814844,20.0
2375,1815620,21.0
2376,1816558,21.0
2377,1817253,17.0
2378,1818031,23.0
2379,1818772,18.0
2380,1819287,3.0
2381,1820134,18.0
2382,1821005,23.0
2383,1821677,14.0
2384,1822315,13.0
2385,1823427,33.0
2386,1824228,18.0
2387,1825054,17.0
2388,1826425,29.0
2389,1826903,6.0
2390,1828060,22.0
2391,1829095,27.0
2392,1830204,32.0
2393,1830683,10.0
2394,1832196,39.0
2395,1833056,21.0
2396,1833917,21.0
2397,1834716,18.0
2398,1835627,22.0
2399,1836539,17.0
2400,1837383,22.0
2401,1837763,6.0
2402,1838756,21.0
2403,1839718,25.0
2404,1840642,20.0
2405,1841476,21.0
2406,1842532,21.0
2407,1843063,8.0
2408,1843584,10.0
2409,1844929,29.0
2410,1845591,13.0
2411,1846297,10.0
2412,1847167,20.0
2413,1848140,25.0
2414,1849364,30.0
2415,1849963,16.0
2416,1850630,8.0
2417,1851351,19.0
2418,1852279,19.0
2419,1853125,16.0
2420,1853899,17.0
2421,1854658,19.0
2422,1855644,25.0
2423,1856238,9.0
2424,1856859,15.0
2425,1857577,12.0
2426,1858261,9.0
2427,1858907,11.0
2428,1859628,15.0
2429,1860259,18.0
2430,1860906,13.0
2431,1861878,23.0
2432,1862786,20.0
2433,1863746,18.0
2434,1865098,30.0
2435,1866114,27.0
2436,1866950,15.0
2437,1867906,16.0
2438,1868420,11.0
2439,1869224,18.0
2440,1870128,27.0
2441,1870956,23.0
2442,1872303,33.0
2443,1873151,16.0
2444,1874133,12.0
2445,1874740,11.0
2446,1875914,30.0
2447,1876824,15.0
2448,1877855,30.0
2449,1878508,16.0
2450,1879835,34.0
2451,1880672,19.0
2452,1881426,21.0
2453,1882062,13.0
2454,1882735,10.0
2455,1883796,25.0
2456,1884712,22.0
2457,1885300,15.0
2458,1886126,12.0
2459,1886678,11.0
2460,1887578,21.0
2461,1888810,29.0
2462,1889604,20.0
2463,1890369,17.0
2464,1891178,21.0
2465,1892047,18.0
2466,1892892,16.0
2467,1893887,24.0
2468,1894887,25.0
2469,1895373,12.0
2470,1896209,22.0
2471,1897095,23.0
2472,1898655,40.0
2473,1899376,17.0
2474,1900286,27.0
2475,1901090,16.0
2476,1902105,23.0
2477,1903010,26.0
2478,1903512,11.0
2479,1904749,25.0
2480,1905365,16.0
2481,1905748,5.0
2482,1906439,15.0
2483,1907423,26.0
2484,1908325,13.0
2485,1909070,20.0
2486,1909918,19.0
2487,1910449,7.0
2488,1911367,23.0
2489,1911927,10.0
2490,1912910,22.0
2491,1913474,14.0
2492,1913985,6.0
2493,1914611,9.0
2494,1915651,23.0
2495,1916595,21.0
2496,1917342,15.0
2497,1918404,22.0
2498,1919447,24.0
2499,1920370,27.0
2500,1921253,24.0
2501,1922204,21.0
2502,1923158,24.0
2503,1924322,24.0
2504,1925163,23.0
2505,1926168,28.0
2506,1926697,12.0
2507,1927484,18.0
2508,1928357,23.0
2509,1929040,14.0
2510,1930042,20.0
2511,1930664,14.0
2512,1931548,23.0
2513,1932198,9.0
2514,1932785,10.0
2515,1933155,6.0
2516,1933981,17.0
2517,1934663,12.0
2518,1935231,7.0
2519,1936139,17.0
2520,1936978,24.0
2521,1937678,11.0
2522,1938881,32.0
2523,1939846,22.0
2524,1940375,10.0
2525,1941132,18.0
2526,1941763,14.0
2527,1942441,16.0
2528,1942933,11.0
2529,1943728,15.0
2530,1944441,14.0
2531,1945384,16.0
2532,1946266,24.0
2533,1947272,26.0
2534,1948279,23.0
2535,1948666,8.0
2536,1949020,7.0
2537,1949630,10.0
2538,1950929,26.0
2539,1951571,7.0
2540,1952537,28.0
2541,1953493,24.0
2542,1954472,25.0
2543,1955117,15.0
2544,1955849,11.0
2545,1956561,15.0
2546,1957121,8.0
2547,1958125,23.0
2548,1958510,9.0
2549,1959014,10.0
2550,1959508,8.0
2551,1960024,8.0
2552,1960664,13.0
2553,1961251,7.0
2554,1961983,19.0
2555,1962504,8.0
2556,1963440,23.0
2557,1964205,18.0
2558,1964592,9.0
2559,1965562,17.0
2560,1966589,23.0
2561,1966973,7.0
2562,1967971,23.0
2563,1969000,21.0
2564,1970157,24.0
2565,1970810,11.0
2566,1971393,9.0
2567,1971743,5.0
2568,1972265,6.0
2569,1973213,22.0
2570,1973844,9.0
2571,1975313,31.0
2572,1976092,22.0
2573,1976545,9.0
2574,1977735,26.0
2575,1978495,18.0
2576,1979188,16.0
2577,1980391,28.0
2578,1981298,19.0
2579,1981949,16.0
2580,1982426,4.0
2581,1983341,23.0
2582,1984238,26.0
2583,1984908,9.0
2584,1986082,32.0
2585,1986743,16.0
2586,1987600,22.0
2587,1987988,4.0
2588,1988955,23.0
2589,1989960,19.0
2590,1990685,16.0
2591,1992314,32.0
2592,1993194,22.0
2593,1994520,29.0
2594,1995461,21.0
2595,1996527,26.0
2596,1997720,29.0
2597,1998595,23.0
2598,1999512,24.0
2599,2000589,29.0
2600,2001903,32.0
2601,2002990,23.0
2602,2003658,7.0
2603,2004678,28.0
2604,2005357,17.0
2605,2006093,10.0
2606,2006606,10.0
2607,2007414,18.0
2608,2008139,16.0
2609,2009011,26.0
2610,2009667,13.0
2611,2010633,20.0
2612,2011446,17.0
2613,2013151,34.0
2614,2013788,10.0
2615,2014289,7.0
2616,2014857,10.0
2617,2015368,9.0
2618,2016237,17.0
2619,2017213,21.0
2620,2017812,13.0
2621,2018860,16.0
2622,2019358,9.0
2623,2020257,14.0
2624,2020887,13.0
2625,2021823,16.0
2626,2022467,13.0
2627,2023307,25.0
2628,2023949,16.0
2629,2025328,36.0
2630,2026096,18.0
2631,2026731,13.0
2632,2027667,18.0
2633,2028762,20.0
2634,2029656,25.0
2635,2030863,30.0
2636,2031585,10.0
2637,2032308,14.0
2638,2033044,7.0
2639,2033490,10.0
2640,2035103,36.0
2641,2036177,24.0
2642,2036997,21.0
2643,2038270,27.0
2644,2039019,19.0
2645,2039892,24.0
2646,2040388,12.0
2647,2041435,26.0
2648,2043244,39.0
2649,2043881,17.0
2650,2044873,26.0
2651,2045546,12.0
2652,2046198,15.0
2653,2046813,16.0
2654,2047655,19.0
2655,2048531,25.0
2656,2049732,29.0
2657,2050324,14.0
2658,2051339,33.0
2659,2052444,25.0
2660,2053134,13.0
2661,2054477,27.0
2662,2055723,32.0
2663,2056592,22.0
2664,2057236,10.0
2665,2057889,13.0
2666,2058383,10.0
2667,2059146,21.0
2668,2059718,9.0
2669,2061256,31.0
2670,2062188,16.0
2671,2063354,25.0
2672,2063993,6.0
2673,2065552,33.0
2674,2066099,13.0
2675,2067130,24.0
2676,2068230,29.0
2677,2069293,23.0
2678,2069809,14.0
2679,2070443,14.0
2680,2071368,19.0
2681,2071929,9.0
2682,2073212,31.0
2683,2074019,14.0
2684,2074478,9.0
2685,2075110,13.0
2686,2075780,14.0
2687,2076901,25.0
2688,2077619,14.0
2689,2078693,28.0
2690,2079423,11.0
2691,2080405,18.0
2692,2081314,23.0
2693,2082006,14.0
2694,2082801,19.0
2695,2084188,34.0
2696,2085151,26.0
2697,2086176,23.0
2698,2087342,29.0
2699,2088384,26.0
2700,2089047,8.0
2701,2090032,21.0
2702,2090878,18.0
2703,2091748,23.0
2704,2092317,8.0
2705,2092968,12.0
2706,2093969,16.0
2707,2094990,18.0
2708,2095471,7.0
2709,2095886,3.0
2710,2096915,18.0
2711,2097600,7.0
2712,2098410,17.0
2713,2099269,21.0
2714,2100548,21.0
2715,2101191,17.0
2716,2101591,5.0
2717,2102228,16.0
2718,2102747,13.0
2719,2103229,10.0
2720,2104366,19.0
2721,2104889,10.0
2722,2105965,27.0
2723,2106678,10.0
2724,2107225,11.0
2725,2107706,10.0
2726,2108285,13.0
2727,2109223,22.0
2728,2110025,21.0
2729,2110530,11.0
2730,2111319,10.0
2731,2112035,17.0
2732,2112559,4.0
2733,2113356,22.0
2734,2114041,13.0
2735,2114714,16.0
2736,2115397,18.0
2737,2116230,23.0
2738,2117448,30.0
2739,2118598,23.0
2740,2119158,10.0
2741,2120543,35.0
2742,2121337,20.0
2743,2122332,14.0
2744,2122973,6.0
2745,2123784,18.0
2746,2124809,22.0
2747,2125653,16.0
2748,2126320,11.0
2749,2126853,10.0
2750,2127709,22.0
2751,2128562,19.0
2752,2129371,18.0
2753,2130493,23.0
2754,2131145,17.0
2755,2131856,19.0
2756,2132623,19.0
2757,2133528,21.0
2758,2134314,16.0
2759,2135565,28.0
2760,2136775,28.0
2761,2137823,24.0
2762,2139022,22.0
2763,2139387,9.0
2764,2140089,12.0
2765,2141413,29.0
2766,2142588,31.0
2767,2143152,19.0
2768,2143773,17.0
2769,2144472,14.0
2770,2145236,18.0
2771,2146002,19.0
2772,2147171,29.0
2773,2147851,10.0
2774,2148615,18.0
2775,2149638,21.0
2776,2150244,16.0
2777,2151362,22.0
2778,2152566,28.0
2779,2152965,4.0
2780,2153819,22.0
2781,2154755,22.0
2782,2155331,14.0
2783,2155978,16.0
2784,2157196,28.0
2785,2157831,12.0
2786,2158387,17.0
2787,2159631,29.0
2788,2160127,10.0
2789,2160971,17.0
2790,2161617,12.0
2791,2162121,7.0
2792,2162628,9.0
2793,2163381,16.0
2794,2164389,18.0
2795,2164927,12.0
2796,2165778,20.0
2797,2166232,10.0
2798,2166885,15.0
2799,2167905,26.0
2800,2168575,15.0
2801,2169792,25.0
2802,2170318,8.0
2803,2171202,20.0
2804,2172072,25.0
2805,2172724,15.0
2806,2173726,25.0
2807,2174853,28.0
2808,2175904,28.0
2809,2176923,18.0
2810,2178080,29.0
2811,2179145,12.0
2812,2179598,7.0
2813,2180783,31.0
2814,2181929,27.0
2815,2182421,8.0
2816,2184091,33.0
2817,2185266,34.0
2818,2186546,26.0
2819,2187064,12.0
2820,2188078,21.0
2821,2189148,26.0
2822,2189784,17.0
2823,2190551,18.0
2824,2190995,10.0
2825,2191975,26.0
2826,2192922,21.0
2827,2194154,30.0
2828,2195300,18.0
2829,2195916,16.0
2830,2196289,9.0
2831,2196960,16.0
2832,2197975,23.0
2833,2199021,24.0
2834,2199364,7.0
2835,2200225,23.0
2836,2201158,24.0
2837,2202196,21.0
2838,2202928,19.0
2839,2203838,29.0
2840,2204733,19.0
2841,2205679,23.0
2842,2206541,25.0
2843,2207023,11.0
2844,2207881,20.0
2845,2208650,19.0
2846,2209180,12.0
2847,2209922,18.0
2848,2210828,22.0
2849,2211554,19.0
2850,2212050,10.0
2851,2212938,20.0
2852,2213703,21.0
2853,2214607,18.0
2854,2215225,8.0
2855,2216300,21.0
2856,2217245,27.0
2857,2218513,30.0
2858,2219270,18.0
2859,2219881,11.0
2860,2220673,19.0
2861,2221667,27.0
2862,2222638,22.0
2863,2223571,21.0
2864,2224876,25.0
2865,2225841,24.0
2866,2227093,29.0
2867,2228100,25.0
2868,2228660,5.0
2869,2229052,9.0
2870,2230023,16.0
2871,2230732,14.0
2872,2231235,11.0
2873,2231899,12.0
2874,2233072,27.0
2875,2233650,12.0
2876,2234299,14.0
2877,2235190,24.0
2878,2236330,21.0
2879,2237000,17.0
2880,2237807,22.0
2881,2238331,9.0
2882,2238977,16.0
2883,2239497,11.0
2884,2239871,8.0
2885,2240700,29.0
2886,2241175,11.0
2887,2241719,11.0
2888,2242444,18.0
2889,2243292,20.0
2890,2243804,10.0
2891,2244184,6.0
2892,2245270,26.0
2893,2246063,16.0
2894,2247070,20.0
2895,2247786,13.0
2896,2248614,16.0
2897,2249569,24.0
2898,2250504,26.0
2899,2251060,11.0
2900,2251768,17.0
2901,2252623,25.0
2902,2253190,11.0
2903,2254511,29.0
2904,2255022,9.0
2905,2255677,17.0
2906,2256727,25.0
2907,2257566,20.0
2908,2257950,6.0
2909,2258696,16.0
2910,2259352,14.0
2911,2260433,31.0
2912,2261324,23.0
2913,2262144,19.0
2914,2263154,28.0
2915,2264158,23.0
2916,2264947,16.0
2917,2265801,22.0
2918,2267058,35.0
2919,2268082,25.0
2920,2268855,16.0
2921,2269312,5.0
2922,2270429,31.0
2923,2271396,29.0
2924,2272567,25.0
2925,2273236,15.0
2926,2274204,21.0
2927,2275226,29.0
2928,2276478,25.0
2929,2277751,34.0
2930,2278621,21.0
2931,2279347,16.0
2932,2280257,16.0
2933,2281044,19.0
2934,2281925,24.0
2935,2282853,17.0
2936,2283371,12.0
2937,2284155,12.0
2938,2285060,13.0
2939,2285785,17.0
2940,2286957,27.0
2941,2287856,25.0
2942,2289348,31.0
2943,2289739,5.0
2944,2290706,21.0
2945,2291815,27.0
2946,2292332,11.0
2947,2293349,30.0
2948,2294086,18.0
2949,2295237,25.0
2950,2296041,24.0
2951,2297189,29.0
2952,2297929,20.0
2953,2298852,18.0
2954,2300202,21.0
2955,2301239,25.0
2956,2301631,8.0
2957,2302543,26.0
2958,2303075,8.0
2959,2304009,27.0
2960,2304903,20.0
2961,2305937,23.0
2962,2306641,16.0
2963,2307007,5.0
2964,2307890,20.0
2965,2308480,19.0
2966,2309306,15.0
2967,2309672,7.0
2968,2310573,33.0
2969,2311188,15.0
2970,2312122,26.0
2971,2312905,15.0
2972,2313462,10.0
2973,2314510,23.0
2974,2314873,3.0
2975,2315475,15.0
2976,2316252,12.0
2977,2317194,24.0
2978,2317577,8.0
2979,2318796,25.0
2980,2320497,31.0
2981,2321425,24.0
2982,2322639,29.0
2983,2323329,14.0
2984,2324527,17.0
2985,2325649,21.0
2986,2326699,29.0
2987,2327309,11.0
2988,2328327,23.0
2989,2329462,27.0
2990,2330337,19.0
2991,2331149,22.0
2992,2332225,18.0
2993,2333107,22.0
2994,2333803,17.0
2995,2334615,17.0
2996,2335631,27.0
2997,2336302,15.0
2998,2336817,12.0
2999,2337911,26.0
3000,2338448,7.0
3001,2339557,32.0
3002,2340183,13.0
3003,2341155,19.0
3004,2341753,10.0
3005,2342443,17.0
3006,2343362,17.0
3007,2344837,34.0
3008,2345553,20.0
3009,2346711,29.0
3010,2347856,32.0
3011,2348881,26.0
3012,2349585,12.0
3013,2350512,22.0
3014,2351524,22.0
3015,2352389,18.0
3016,2352942,16.0
3017,2353747,23.0
3018,2354590,19.0
3019,2355668,20.0
3020,2356321,13.0
3021,2357470,28.0
3022,2358164,13.0
3023,2359258,26.0
3024,2360324,24.0
3025,2361401,23.0
3026,2362171,17.0
3027,2363241,26.0
3028,2363900,11.0
3029,2364545,16.0
3030,2365339,14.0
3031,2366441,27.0
3032,2367801,28.0
3033,2368428,10.0
3034,2368913,3.0
3035,2369580,18.0
3036,2370159,10.0
3037,2371474,32.0
3038,2372099,11.0
3039,2372945,20.0
3040,2373778,22.0
3041,2374736,23.0
3042,2375396,15.0
3043,2376356,21.0
3044,2377298,26.0
3045,2378008,15.0
3046,2378981,28.0
3047,2379973,26.0
3048,2380921,20.0
3049,2381880,19.0
3050,2382649,20.0
3051,2383372,16.0
3052,2384208,27.0
3053,2385510,29.0
3054,2386247,18.0
3055,2386932,14.0
3056,2388333,31.0
3057,2390334,34.0
3058,2391225,25.0
3059,2392301,25.0
3060,2393170,25.0
3061,2394005,22.0
3062,2394656,14.0
3063,2395582,20.0
3064,2396128,14.0
3065,2396757,15.0
3066,2397429,16.0
3067,2398082,17.0
3068,2399124,26.0
3069,2399826,7.0
3070,2400778,25.0
3071,2401923,32.0
3072,2402715,19.0
3073,2403692,24.0
3074,2404673,21.0
3075,2405390,17.0
3076,2406518,27.0
3077,2407287,21.0
3078,2407978,14.0
3079,2408971,24.0
3080,2409700,20.0
3081,2410624,25.0
3082,2411883,27.0
3083,2412924,21.0
3084,2413884,26.0
3085,2414265,3.0
3086,2415086,23.0
3087,2415660,13.0
3088,2416278,20.0
3089,2417373,30.0
3090,2418370,29.0
3091,2419134,23.0
3092,2420008,21.0
3093,2420964,30.0
3094,2421606,10.0
3095,2422803,19.0
3096,2423659,18.0
3097,2424500,22.0
3098,2425671,30.0
3099,2426297,17.0
3100,2427296,26.0
3101,2428180,25.0
3102,2429161,23.0
3103,2429681,12.0
3104,2430982,31.0
3105,2431927,28.0
3106,2433001,27.0
3107,2433699,17.0
3108,2434432,22.0
3109,2435268,23.0
3110,2436091,20.0
3111,2437550,32.0
3112,2438459,20.0
3113,2439618,28.0
3114,2440243,18.0
3115,2441250,25.0
3116,2442198,23.0
3117,2443020,22.0
3118,2443826,23.0
3119,2444311,10.0
3120,2445104,17.0
3121,2445972,21.0
3122,2446564,8.0
3123,2447466,24.0
3124,2448073,15.0
3125,2448839,19.0
3126,2449687,23.0
3127,2450863,26.0
3128,2452219,27.0
3129,2452958,17.0
3130,2453903,23.0
3131,2454579,17.0
3132,2455584,22.0
3133,2456629,20.0
3134,2457526,15.0
3135,2458162,12.0
3136,2458708,12.0
3137,2459785,29.0
3138,2460701,19.0
3139,2462337,32.0
3140,2463111,18.0
3141,2463944,27.0
3142,2464588,20.0
3143,2465210,17.0
3144,2466665,35.0
3145,2467874,26.0
3146,2469085,28.0
3147,2470057,29.0
3148,2470804,17.0
3149,2471579,22.0
3150,2472327,21.0
3151,2473115,27.0
3152,2473870,23.0
3153,2474731,20.0
3154,2475339,10.0
3155,2475912,15.0
3156,2476428,12.0
3157,2477645,26.0
3158,2478415,18.0
3159,2479649,28.0
3160,2480294,16.0
3161,2481140,21.0
3162,2481697,10.0
3163,2482487,18.0
3164,2483232,15.0
3165,2483892,12.0
3166,2484859,23.0
3167,2485778,25.0
3168,2486842,25.0
3169,2487477,13.0
3170,2488657,33.0
3171,2489255,17.0
3172,2489668,7.0
3173,2490632,23.0
3174,2492199,34.0
3175,2492967,19.0
3176,2494200,23.0
3177,2495385,26.0
3178,2496526,27.0
3179,2497209,14.0
3180,2498013,18.0
3181,2498687,17.0
3182,2499409,18.0
3183,2500213,16.0
3184,2501149,27.0
3185,2502023,25.0
3186,2502613,17.0
3187,2503555,23.0
3188,2504076,14.0
3189,2505061,28.0
3190,2505845,17.0
3191,2506813,17.0
3192,2507708,25.0
3193,2508779,26.0
3194,2509562,25.0
3195,2510300,18.0
3196,2510963,12.0
3197,2511576,20.0
3198,2512559,23.0
3199,2513324,17.0
3200,2514290,25.0
3201,2515170,18.0
3202,2515930,18.0
3203,2517164,32.0
3204,2518209,28.0
3205,2519252,26.0
3206,2520160,20.0
3207,2521323,23.0
3208,2522211,23.0
3209,2523003,22.0
3210,2523699,18.0
3211,2524175,11.0
3212,2524839,15.0
3213,2525665,21.0
3214,2526312,18.0
3215,2527365,25.0
3216,2528617,32.0
3217,2529445,23.0
3218,2530322,22.0
3219,2531127,19.0
3220,2532012,21.0
3221,2532780,19.0
3222,2533586,13.0
3223,2534741,26.0
3224,2535250,5.0
3225,2536667,33.0
3226,2537654,27.0
3227,2539246,44.0
3228,2539895,14.0
3229,2540926,22.0
3230,2541878,16.0
3231,2542354,6.0
3232,2543118,17.0
3233,2543902,15.0
3234,2544402,9.0
3235,2544959,8.0
3236,2546248,32.0
3237,2547682,29.0
3238,2548594,21.0
3239,2549175,10.0
3240,2550263,33.0
3241,2550624,2.0
3242,2551173,8.0
3243,2552302,25.0
3244,2553466,27.0
3245,2554427,20.0
3246,2554821,4.0
3247,2555704,24.0
3248,2556236,13.0
3249,2556867,9.0
3250,2557784,25.0
3251,2558543,19.0
3252,2559738,28.0
3253,2560690,25.0
3254,2561339,14.0
3255,2562797,31.0
3256,2563323,11.0
3257,2564131,16.0
3258,2564850,16.0
3259,2565547,18.0
3260,2566343,16.0
3261,2567356,25.0
3262,2568258,22.0
3263,2569217,20.0
3264,2569589,7.0
3265,2570541,27.0
3266,2571555,28.0
3267,2572632,24.0
3268,2573602,21.0
3269,2574242,11.0
3270,2575316,30.0
3271,2575974,9.0
3272,2576807,24.0
3273,2577258,11.0
3274,2577928,20.0
3275,2578631,8.0
3276,2579576,27.0
3277,2580221,20.0
3278,2581265,23.0
3279,2581996,16.0
3280,2582837,17.0
3281,2583487,15.0
3282,2584129,16.0
3283,2585024,23.0
3284,2585880,22.0
3285,2586308,8.0
3286,2586907,8.0
3287,2587662,19.0
3288,2588603,24.0
3289,2589604,26.0
3290,2590113,8.0
3291,2591003,14.0
3292,2592076,24.0
3293,2592571,9.0
3294,2593874,32.0
3295,2594655,28.0
3296,2595024,9.0
3297,2596079,22.0
3298,2596994,23.0
3299,2598141,29.0
3300,2599158,24.0
3301,2599928,18.0
3302,2600735,19.0
3303,2601762,25.0
3304,2602888,33.0
3305,2604207,31.0
3306,2604839,13.0
3307,2605785,24.0
3308,2606388,7.0
3309,2607977,34.0
3310,2608573,14.0
3311,2609814,25.0
3312,2610491,22.0
3313,2611451,14.0
3314,2612527,22.0
3315,2613167,16.0
3316,2614369,26.0
3317,2614918,11.0
3318,2615341,10.0
3319,2615932,15.0
3320,2616742,24.0
3321,2617709,19.0
3322,2618691,21.0
3323,2619626,23.0
3324,2620016,8.0
3325,2620809,25.0
3326,2621720,30.0
3327,2622657,17.0
3328,2623514,26.0
3329,2624308,21.0
3330,2624947,13.0
3331,2625743,21.0
3332,2626800,19.0
3333,2627763,29.0
3334,2628471,16.0
3335,2629280,24.0
3336,2630730,30.0
3337,2631156,5.0
3338,2631638,5.0
3339,2632611,23.0
3340,2633115,14.0
3341,2634063,21.0
3342,2634430,2.0
3343,2634800,8.0
3344,2635629,17.0
3345,2636034,8.0
3346,2636555,9.0
3347,2637367,23.0
3348,2638588,31.0
3349,2639861,33.0
3350,2640666,10.0
3351,2641339,14.0
3352,2642164,17.0
3353,2642942,17.0
3354,2643598,12.0
3355,2643930,6.0
3356,2644544,17.0
3357,2645063,8.0
3358,2645863,17.0
3359,2646724,21.0
3360,2647359,12.0
3361,2648517,22.0
3362,2649323,22.0
3363,2650021,12.0
3364,2650995,18.0
3365,2651736,18.0
3366,2652799,19.0
3367,2654161,28.0
3368,2654858,12.0
3369,2656203,27.0
3370,2656796,15.0
3371,2657876,28.0
3372,2658938,25.0
3373,2659890,24.0
3374,2660720,20.0
3375,2661533,20.0
3376,2662005,10.0
3377,2663104,22.0
3378,2664461,32.0
3379,2665345,23.0
3380,2666170,23.0
3381,2666512,5.0
3382,2667311,22.0
3383,2667959,15.0
3384,2668855,16.0
3385,2670354,34.0
3386,2670984,15.0
3387,2671922,22.0
3388,2672689,17.0
3389,2673606,17.0
3390,2674258,18.0
3391,2675130,26.0
3392,2675813,19.0
3393,2676786,26.0
3394,2677419,16.0
3395,2678347,29.0
3396,2679534,23.0
3397,2680383,18.0
3398,2681370,23.0
3399,2682075,20.0
3400,2682951,25.0
3401,2683646,12.0
3402,2684885,30.0
3403,2685744,20.0
3404,2686715,22.0
3405,2687533,24.0
3406,2688047,9.0
3407,2688948,27.0
3408,2689989,27.0
3409,2690789,20.0
3410,2691671,31.0
3411,2692633,19.0
3412,2693438,21.0
3413,2694147,22.0
3414,2694911,22.0
3415,2695705,18.0
3416,2696673,25.0
3417,2697860,32.0
3418,2698792,21.0
3419,2700279,32.0
3420,2701578,29.0
3421,2702538,19.0
3422,2703421,23.0
3423,2703936,10.0
3424,2705049,25.0
3425,2705989,25.0
3426,2706619,17.0
3427,2707614,19.0
3428,2708271,20.0
3429,2708960,12.0
3430,2709774,17.0
3431,2710413,17.0
3432,2711313,27.0
3433,2712280,24.0
3434,2713666,35.0
3435,2714442,16.0
3436,2715089,16.0
3437,2715860,21.0
3438,2716482,18.0
3439,2717536,23.0
3440,2718418,19.0
3441,2719179,16.0
3442,2720113,15.0
3443,2721292,24.0
3444,2722446,30.0
3445,2723680,29.0
3446,2724499,24.0
3447,2725602,24.0
3448,2726621,21.0
3449,2727266,16.0
3450,2728429,36.0
3451,2729031,17.0
3452,2730452,30.0
3453,2731396,20.0
3454,2731928,11.0
3455,2732570,18.0
3456,2733395,16.0
3457,2734021,17.0
3458,2734423,5.0
3459,2735358,24.0
3460,2736142,18.0
3461,2736574,5.0
3462,2737834,27.0
3463,2738897,21.0
3464,2739805,29.0
3465,2740742,24.0
3466,2741910,31.0
3467,2742920,22.0
3468,2743507,12.0
3469,2744091,9.0
3470,2745055,22.0
3471,2745693,15.0
3472,2746551,25.0
3473,2747382,21.0
3474,2748134,14.0
3475,2749254,31.0
3476,2750034,21.0
3477,2750398,6.0
3478,2751267,19.0
3479,2752566,30.0
3480,2753399,25.0
3481,2754348,23.0
3482,2755575,35.0
3483,2756490,23.0
3484,2757347,26.0
3485,2758770,34.0
3486,2759898,25.0
3487,2760860,23.0
3488,2762244,27.0
3489,2763009,17.0
3490,2763517,8.0
3491,2764649,25.0
3492,2765946,35.0
3493,2766794,20.0
3494,2767561,18.0
3495,2768606,31.0
3496,2769348,18.0
3497,2770095,18.0
3498,2770793,23.0
3499,2771651,20.0
3500,2772191,9.0
3501,2773666,32.0
3502,2774355,16.0
3503,2775187,22.0
3504,2776209,29.0
3505,2777929,34.0
3506,2778555,15.0
3507,2779258,18.0
3508,2779758,9.0
3509,2780433,14.0
3510,2781504,31.0
3511,2782374,28.0
3512,2783517,28.0
3513,2784506,30.0
3514,2785750,34.0
3515,2786643,24.0
3516,2787244,14.0
3517,2787764,10.0
3518,2788615,22.0
3519,2789465,16.0
3520,2790541,25.0
3521,2791203,18.0
3522,2791843,14.0
3523,2792886,25.0
3524,2793646,19.0
3525,2794722,26.0
3526,2795563,16.0
3527,2796080,10.0
3528,2797093,29.0
3529,2797748,16.0
3530,2799050,28.0
3531,2799782,20.0
3532,2800631,22.0
3533,2801325,17.0
3534,2801878,13.0
3535,2802287,10.0
3536,2803315,27.0
3537,2803944,8.0
3538,2804915,21.0
3539,2806124,29.0
3540,2807591,36.0
3541,2808244,13.0
3542,2808875,7.0
3543,2809963,30.0
3544,2810751,26.0
3545,2811785,29.0
3546,2812487,16.0
3547,2813433,29.0
3548,2814140,20.0
3549,2815096,27.0
3550,2815772,17.0
3551,2817225,36.0
3552,2818271,26.0
3553,2818948,12.0
3554,2820055,26.0
3555,2821063,27.0
3556,2821805,14.0
3557,2822416,14.0
3558,2823558,24.0
3559,2824731,14.0
3560,2825800,28.0
3561,2826662,19.0
3562,2827542,23.0
3563,2828398,16.0
3564,2829196,21.0
3565,2830108,22.0
3566,2831125,26.0
3567,2832111,24.0
3568,2833243,22.0
3569,2834712,32.0
3570,2835484,23.0
3571,2836074,17.0
3572,2836942,27.0
3573,2837955,27.0
3574,2838826,24.0
3575,2839909,21.0
3576,2840472,17.0
3577,2841637,28.0
3578,2842210,8.0
3579,2842972,20.0
3580,2843720,19.0
3581,2844363,16.0
3582,2845309,27.0
3583,2846186,22.0
3584,2847022,22.0
3585,2847679,16.0
3586,2848529,19.0
3587,2849169,11.0
3588,2849697,8.0
3589,2850722,29.0
3590,2851691,26.0
3591,2852584,20.0
3592,2853638,29.0
3593,2855053,35.0
3594,2855859,29.0
3595,2856759,23.0
3596,2857849,30.0
3597,2858280,13.0
3598,2859344,27.0
3599,2860407,25.0
3600,2861419,28.0
3601,2862267,22.0
3602,2863494,30.0
3603,2864024,11.0
3604,2864650,15.0
3605,2865525,21.0
3606,2866437,24.0
3607,2867212,20.0
3608,2867843,14.0
3609,2869122,32.0
3610,2870099,21.0
3611,2870741,18.0
3612,2871353,18.0
3613,2872057,18.0
3614,2872843,23.0
3615,2874076,29.0
3616,2874759,14.0
3617,2876176,33.0
3618,2876686,12.0
3619,2877651,19.0
3620,2878896,35.0
3621,2880385,36.0
3622,2881188,19.0
3623,2882282,28.0
3624,2883552,27.0
3625,2884116,15.0
3626,2885188,25.0
3627,2885780,17.0
3628,2886869,27.0
3629,2887748,19.0
3630,2888669,24.0
3631,2889494,22.0
3632,2889998,11.0
3633,2891038,27.0
3634,2891700,15.0
3635,2892733,27.0
3636,2893591,21.0
3637,2894507,23.0
3638,2895153,13.0
3639,2895975,14.0
3640,2897337,31.0
3641,2898135,22.0
3642,2899087,26.0
3643,2899623,10.0
3644,2900472,22.0
3645,2901211,17.0
3646,2902048,18.0
3647,2902858,18.0
3648,2903662,26.0
3649,2904678,22.0
3650,2905315,14.0
3651,2906427,27.0
3652,2906974,14.0
3653,2908212,35.0
3654,2909110,27.0
3655,2910077,25.0
3656,2910950,32.0
3657,2911657,19.0
3658,2912310,14.0
3659,2912805,10.0
3660,2913298,10.0
3661,2914009,17.0
3662,2914787,20.0
3663,2915752,26.0
3664,2916993,32.0
3665,2917593,9.0
3666,2918333,17.0
3667,2919252,21.0
3668,2919757,14.0
3669,2920866,22.0
3670,2922102,33.0
3671,2923591,28.0
3672,2924877,23.0
3673,2925374,14.0
3674,2926160,16.0
3675,2926911,27.0
3676,2927675,16.0
3677,2928513,20.0
3678,2929459,26.0
3679,2930106,16.0
3680,2930731,17.0
3681,2931585,18.0
3682,2933038,31.0
3683,2933537,10.0
3684,2934993,36.0
3685,2935964,24.0
3686,2936745,19.0
3687,2937272,14.0
3688,2938407,31.0
3689,2939515,28.0
3690,2940127,11.0
3691,2941259,33.0
3692,2942359,29.0
3693,2943247,26.0
3694,2944064,19.0
3695,2944984,22.0
3696,2945617,11.0
3697,2946538,26.0
3698,2947466,21.0
3699,2948364,25.0
3700,2949331,26.0
3701,2950264,23.0
3702,2951126,23.0
3703,2951835,19.0
3704,2952368,10.0
3705,2953271,23.0
3706,2954204,23.0
3707,2954853,13.0
3708,2955327,7.0
3709,2955796,12.0
3710,2956745,25.0
3711,2957602,27.0
3712,2958329,15.0
3713,2959231,20.0
3714,2959777,12.0
3715,2960345,13.0
3716,2961018,13.0
3717,2961614,14.0
3718,2962442,27.0
3719,2963454,26.0
3720,2964365,28.0
3721,2965495,24.0
3722,2966366,28.0
3723,2967384,23.0
3724,2968301,26.0
3725,2969183,30.0
3726,2969981,15.0
3727,2970369,6.0
3728,2971360,23.0
3729,2971821,11.0
3730,2972632,20.0
3731,2973392,12.0
3732,2974167,18.0
3733,2975030,20.0
3734,2975805,22.0
3735,2976603,19.0
3736,2977223,17.0
3737,2978451,28.0
3738,2979146,12.0
3739,2979773,16.0
3740,2980718,24.0
3741,2981833,32.0
3742,2983019,32.0
3743,2983526,7.0
3744,2984414,20.0
3745,2985767,33.0
3746,2986275,10.0
3747,2987171,24.0
3748,2987815,14.0
3749,2988624,18.0
3750,2989518,26.0
3751,2990070,16.0
3752,2991408,32.0
3753,2992140,15.0
3754,2993048,25.0
3755,2993849,18.0
3756,2994556,18.0
3757,2995331,17.0
3758,2996179,27.0
3759,2997493,32.0
3760,2998505,30.0
3761,2999828,33.0
